city,rank,lat,lon
Chicago,1,41.8373,-87.6862
Houston,2,29.7863,-95.3889
Detroit,3,42.3834,-83.1024
Louisville,4,38.1663,-85.6485
Phoenix,5,33.5722,-112.0891
Brooklyn,6,40.6501,-73.9496
Dayton,7,39.7797,-84.1998
Dallas,8,32.7936,-96.7662
Queens,9,40.7498,-73.7976
Las Vegas,10,36.2333,-115.2654
San Diego,11,32.8312,-117.1225
Miami,12,25.7839,-80.2102
Columbus,13,39.9862,-82.985
Cleveland,14,41.4767,-81.6804
Fayetteville,15,36.0713,-94.166
Indianapolis,16,39.7771,-86.1458
Philadelphia,17,40.0077,-75.1339
Riverside,18,33.9381,-117.3948
Cincinnati,19,39.1413,-84.5061
Kansas City,20,39.1239,-94.5541
Pittsburgh,21,40.4396,-79.9762
Boston,22,42.3188,-71.0846
Victorville,23,34.5277,-117.3536
Round Lake Beach,24,42.379,-88.0811
Fort Worth,25,32.7811,-97.3473
Bronx,26,40.8501,-73.8662
Tampa,27,27.9942,-82.4451
San Antonio,28,29.4658,-98.5253
Oakland,29,37.7903,-122.2165
Memphis,30,35.1046,-89.9773
Orlando,31,28.4772,-81.3369
Sacramento,32,38.5667,-121.4683
Seattle,33,47.6211,-122.3244
Omaha,34,41.2627,-96.0522
Fort Lauderdale,35,26.1412,-80.1464
South Lyon,36,42.4614,-83.6526
Rochester,37,43.168,-77.6162
Des Moines,38,41.5725,-93.6105
West Palm Beach,39,26.7468,-80.1316
Milwaukee,40,43.0642,-87.9673
Cambridge,41,42.3759,-71.1185
New York,42,40.6943,-73.9249
San Jose,43,37.3019,-121.8486
Buffalo,44,42.9016,-78.8487
Oklahoma City,45,35.4676,-97.5136
St. Louis,46,38.6358,-90.2451
Atlanta,47,33.7627,-84.4224
Minneapolis,48,44.9635,-93.2678
Huntsville,49,34.6988,-86.6412
El Paso,50,31.8479,-106.4309
Warren,51,42.4934,-83.027
Cape Coral,52,26.6446,-81.9956
Muncie,53,40.1989,-85.395
Charlotte,54,35.208,-80.8304
Bowie,55,38.9569,-76.7409
Nashville,56,36.1715,-86.7843
Austin,57,30.3004,-97.7522
Fresno,58,36.7831,-119.7941
Concord,59,37.9722,-122.0016
DeKalb,60,41.9313,-88.7482
Baltimore,61,39.3051,-76.6144
St. Petersburg,62,27.7931,-82.6652
Levittown,63,40.7241,-73.5125
Salt Lake City,64,40.7777,-111.9306
Naperville,65,41.7483,-88.1657
Lexington,66,38.0423,-84.4587
Centreville,67,38.8391,-77.4388
Overland Park,68,38.887,-94.687
Tulsa,69,36.1284,-95.9042
Hartford,70,41.7661,-72.6834
Aurora,71,39.7087,-104.7273
Lancaster,72,40.0421,-76.3012
Tucson,73,32.1545,-110.8782
Fayetteville,74,35.0846,-78.9776
Grand Rapids,75,42.962,-85.6562
San Francisco,76,37.7562,-122.443
Richmond,77,37.5295,-77.4756
Raleigh,78,35.8325,-78.6435
York,79,39.9651,-76.7315
Yonkers,80,40.9466,-73.8674
Bridgeport,81,41.1918,-73.1953
Portland,82,45.5372,-122.65
Middletown,83,39.5032,-84.366
Knoxville,84,35.9692,-83.9496
New Haven,85,41.3112,-72.9246
Oxnard,86,34.1963,-119.1815
Tacoma,87,47.2431,-122.4531
Denver,88,39.7621,-104.8759
Akron,89,41.0798,-81.5219
Jacksonville,90,30.3322,-81.6749
Joliet,91,41.5189,-88.1499
Centennial,92,39.5926,-104.8674
Plano,93,33.0502,-96.7487
Stockton,94,37.9765,-121.3109
Newark,95,40.7245,-74.1725
Levittown,96,40.1537,-74.853
Little Rock,97,34.7256,-92.3576
Worcester,98,42.2705,-71.8079
Bakersfield,99,35.3529,-119.0359
Columbia,100,34.0376,-80.9037
Denton,101,33.2176,-97.1419
Bowling Green,102,36.9719,-86.4373
Toledo,103,41.6639,-83.5822
Springfield,104,37.1943,-93.2916
Providence,105,41.823,-71.4187
Mobile,106,30.6783,-88.1162
Fort Wayne,107,41.0886,-85.1437
St. Paul,108,44.9477,-93.104
West Chester,109,39.9601,-75.6058
Port Huron,110,42.9822,-82.4387
Winston-Salem,111,36.1029,-80.2611
Wilmington,112,39.7415,-75.5413
Flint,113,43.0235,-83.6922
Wichita,114,37.6896,-97.3442
Daly City,115,37.6862,-122.4685
Moorhead,116,46.8673,-96.7461
Kennewick,117,46.1978,-119.1732
McAllen,118,26.2273,-98.2471
New Bedford,119,41.6697,-70.9428
Round Rock,120,30.5254,-97.666
Zephyrhills,121,28.2408,-82.1796
Marysville,122,48.0809,-122.1561
Peachtree Corners,123,33.967,-84.2319
Marietta,124,33.9533,-84.5422
Greensboro,125,36.0956,-79.8269
Syracuse,126,43.0409,-76.1438
Albuquerque,127,35.1053,-106.6464
Ruston,128,32.5329,-92.6363
Rockford,129,42.2597,-89.0641
Reading,130,40.34,-75.9267
Davenport,131,41.5563,-90.6052
Spokane,132,47.6671,-117.433
Elizabeth,133,40.6657,-74.1912
Deltona,134,28.905,-81.2137
Santa Rosa,135,38.4458,-122.7067
Modesto,136,37.6374,-121.0028
Provo,137,40.2457,-111.6457
Gulfport,138,30.4271,-89.0703
Greenville,139,34.8353,-82.3647
Stockbridge,140,33.5253,-84.2294
New Castle,141,40.9956,-80.3459
Sanford,142,28.7893,-81.276
Canton,143,40.8075,-81.3677
Reno,144,39.5497,-119.8483
Springfield,145,42.1155,-72.5395
Vallejo,146,38.1133,-122.2358
Hazleton,147,40.9504,-75.9724
Madison,148,43.0826,-89.3931
Palm Bay,149,27.955,-80.6627
Fargo,150,46.8652,-96.8292
Monessen,151,40.1519,-79.8828
Ann Arbor,152,42.2755,-83.7312
Brownsville,153,25.998,-97.4565
Allentown,154,40.5961,-75.4756
Norfolk,155,36.8945,-76.259
Glen Burnie,156,39.1559,-76.6072
Norman,157,35.2335,-97.3471
Brockton,158,42.0821,-71.0242
Pensacola,159,30.4427,-87.1886
Carrollton,160,33.5817,-85.0837
Sugar Land,161,29.5935,-95.6357
Columbia,162,38.9478,-92.3256
Bethlehem,163,40.6266,-75.3679
Van Buren,164,35.448,-94.3528
Green Bay,165,44.515,-87.9896
Decatur,166,34.573,-86.9906
Lakeville,167,44.6774,-93.252
Jackson,168,32.3163,-90.2124
Battle Creek,169,42.2986,-85.2296
O'Fallon,170,38.785,-90.7175
Savannah,171,32.0281,-81.1784
Columbia,172,39.2004,-76.859
Woodstock,173,34.1026,-84.509
Clinton,174,41.8434,-90.2408
Albertville,175,34.2634,-86.2107
Aurora,176,41.7637,-88.2901
Bloomsburg,177,41.0027,-76.4561
Portsmouth,178,43.058,-70.7826
Corpus Christi,179,27.726,-97.3755
South Bend,180,41.6767,-86.2696
Eugene,181,44.0563,-123.1173
Harrisburg,182,40.2752,-76.8843
Charleston,183,32.8153,-79.9628
Tallahassee,184,30.4551,-84.2526
Kansas City,185,39.1234,-94.7443
Killeen,186,31.0754,-97.7296
Visalia,187,36.3276,-119.3269
Blaine,188,45.1696,-93.2077
Pontiac,189,40.8881,-88.6414
Asheboro,190,35.7158,-79.8129
Lorain,191,41.4409,-82.184
Youngstown,192,41.0993,-80.6463
Greeley,193,40.4151,-104.7706
San Tan Valley,194,33.1879,-111.5472
Lubbock,195,33.5659,-101.8878
Gastonia,196,35.2494,-81.1853
Chester,197,37.3531,-77.4342
Forest Park,198,33.6209,-84.359
Frederick,199,39.4336,-77.4141
Decatur,200,39.8556,-88.9337
Spartanburg,201,34.9437,-81.9257
Texas City,202,29.4128,-94.9658
Marion,203,40.5496,-85.66
Parkersburg,204,39.2624,-81.542
Albany,205,42.6664,-73.7987
Lake Oswego,206,45.413,-122.7003
Cookeville,207,36.1484,-85.5114
Bradenton,208,27.49,-82.5739
Dale City,209,38.6473,-77.3459
Cedar Rapids,210,41.9665,-91.6782
Roseville,211,38.7703,-121.3196
Troy,212,31.8021,-85.9665
Myrtle Beach,213,33.7096,-78.8843
Lexington,214,33.989,-81.2202
Sarasota,215,27.3386,-82.5431
Waukesha,216,43.0087,-88.2464
Fort Collins,217,40.5478,-105.0656
Lansing,218,42.7142,-84.5601
Durham,219,35.9794,-78.9031
Kingsport,220,36.5224,-82.5453
Panama City,221,30.1995,-85.6004
Rome,222,34.2661,-85.1862
Springfield,223,39.771,-89.6538
Chico,224,39.7575,-121.8152
Poughkeepsie,225,41.6949,-73.921
Macon,226,32.8065,-83.6974
Trenton,227,40.2236,-74.7641
Evansville,228,37.9881,-87.5341
Tuckahoe,229,37.5878,-77.5858
Murfreesboro,230,35.8492,-86.4119
Warner Robins,231,32.597,-83.6529
Utica,232,43.0961,-75.226
Wilson,233,35.7312,-77.9284
Warren,234,41.239,-80.8174
Henderson,235,37.8397,-87.5798
Joplin,236,37.0758,-94.5018
Merced,237,37.3057,-120.4778
Boulder,238,40.0249,-105.2523
Economy,239,40.641,-80.184
Columbus,240,32.51,-84.8771
Salinas,241,36.6884,-121.6317
Gillette,242,44.2752,-105.4983
Gainesville,243,29.6804,-82.3458
Layton,244,41.0769,-111.9621
Golden Gate,245,26.1844,-81.7031
The Villages,246,28.9021,-81.9888
Tuscaloosa,247,33.2348,-87.5267
Arlington,248,38.8786,-77.1011
Scranton,249,41.4044,-75.6649
Ogden,250,41.2278,-111.9682
Charleston,251,38.3484,-81.6323
Boise,252,43.6007,-116.2312
Peoria,253,40.752,-89.6153
Kalamazoo,254,42.2749,-85.5882
New City,255,41.1543,-73.9909
Athens,256,33.9508,-83.3689
San Rafael,257,37.9905,-122.5222
Salina,258,38.8137,-97.6143
Laredo,259,27.5629,-99.4875
Champaign,260,40.1144,-88.2735
Kissimmee,261,28.3042,-81.4164
Abilene,262,32.4543,-99.7384
Binghamton,263,42.1014,-75.9093
Santa Cruz,264,36.9789,-122.0346
Lincoln,265,40.1508,-89.3721
Goose Creek,266,32.9925,-80.0054
Niagara Falls,267,43.0921,-79.0147
Florence,268,34.8303,-87.6654
Bel Air South,269,39.5051,-76.3197
Pearland,270,29.5585,-95.3215
Elizabethtown,271,37.703,-85.877
Covington,272,39.0334,-84.5166
Leesburg,273,39.1058,-77.5544
Gainesville,274,34.2903,-83.8301
Asheville,275,35.5704,-82.5536
Palm City,276,27.1736,-80.2861
Weirton,277,40.406,-80.5671
Norwich,278,41.5495,-72.0882
Yakima,279,46.5923,-120.5496
Saginaw,280,43.4199,-83.9501
Hendersonville,281,36.3063,-86.5998
Waco,282,31.5598,-97.1881
Pueblo,283,38.2705,-104.6112
Redding,284,40.5698,-122.365
Topeka,285,39.0346,-95.6955
Valdosta,286,30.8502,-83.2788
Mooresville,287,35.5849,-80.8265
Southaven,288,34.9514,-89.9787
El Paso de Robles,289,35.6394,-120.656
Huntsville,290,30.705,-95.5544
Stevens Point,291,44.5241,-89.5508
Crystal Lake,292,42.2333,-88.3351
Hopkinsville,293,36.8386,-87.4776
Port St. Lucie,294,27.2796,-80.3883
Bellevue,295,41.1535,-95.9357
Pekin,296,40.5679,-89.6262
Tyler,297,32.3184,-95.3062
Franklin,298,41.1101,-74.5886
Benton Harbor,299,42.1159,-86.4488
Wilmington,300,34.21,-77.8866
Covington,301,33.6049,-83.8465
Tell City,302,37.9528,-86.7597
College Station,303,30.5852,-96.296
Barnstable,304,41.6722,-70.3599
Napa,305,38.2976,-122.3011
Amarillo,306,35.1988,-101.8311
Kingston,307,41.9295,-73.9968
Davis,308,38.5552,-121.7365
Brunswick,309,41.2464,-81.8198
St. Joseph,310,39.7599,-94.821
Concord,311,35.3933,-80.6366
Centralia,312,46.7226,-122.9696
Racine,313,42.7274,-87.8135
Withamsville,314,39.0628,-84.2808
Janesville,315,42.6855,-89.0136
Torrington,316,41.8349,-73.1281
Waxahachie,317,32.4032,-96.8444
Salisbury,318,35.6656,-80.4909
Johnstown,319,40.3258,-78.9193
Ardmore,320,34.1944,-97.1253
Moline,321,41.4821,-90.4921
Sioux Falls,322,43.5397,-96.732
Daphne,323,30.6286,-87.8866
Olympia,324,47.0417,-122.8959
Burlington,325,36.0758,-79.4686
Florence,326,34.1781,-79.7877
Midland,327,32.0249,-102.1137
Las Cruces,328,32.3265,-106.7892
Yuma,329,32.5992,-114.5488
Waterloo,330,42.492,-92.3522
Gadsden,331,34.009,-86.0156
Pottsville,332,40.6798,-76.2092
Santa Fe,333,35.6619,-105.9819
Sherman,334,33.6274,-96.6218
Spring Hill,335,28.4797,-82.53
Bremerton,336,47.5436,-122.7122
Owensboro,337,37.7574,-87.1173
Schenectady,338,42.8025,-73.9276
Albany,339,31.5776,-84.1762
Lawton,340,34.6176,-98.4203
Searcy,341,35.2418,-91.7351
Elkhart,342,41.6916,-85.9628
Council Bluffs,343,41.2369,-95.8517
Maryville,344,35.7468,-83.9789
Newark,345,40.0705,-82.4251
Enterprise,346,31.3276,-85.8459
Lebanon,347,40.3412,-76.4227
Greenville,348,35.5956,-77.3768
Fremont,349,41.4396,-96.4879
Wichita Falls,350,33.9072,-98.5291
Somerset,351,40.5083,-74.501
El Dorado Hills,352,38.675,-121.049
Port Charlotte,353,26.9918,-82.114
Hickory,354,35.7425,-81.323
Lumberton,355,34.6312,-79.0186
Lenoir,356,35.9096,-81.5247
Easley,357,34.819,-82.5828
Laurel,358,31.6956,-89.1448
Bangor,359,44.8322,-68.7906
Corning,360,42.147,-77.0561
Kenosha,361,42.5864,-87.8765
Terre Haute,362,39.4654,-87.3763
Hilton Head Island,363,32.1896,-80.7499
Nampa,364,43.5845,-116.5631
Hinesville,365,31.8247,-81.6135
Muskegon,366,43.2281,-86.2563
Crestview,367,30.748,-86.5784
Huntington,368,38.4109,-82.4344
Dublin,369,32.5359,-82.928
Jamestown,370,42.0975,-79.2366
St. Augustine,371,29.8977,-81.31
Shelton,372,47.2186,-123.112
Anderson,373,34.5211,-82.6479
Conway,374,35.0754,-92.4694
Aiken,375,33.531,-81.7268
Saratoga Springs,376,43.0674,-73.7775
Summerville,377,33.0015,-80.1799
Fort Smith,378,35.3493,-94.3695
Dunn,379,35.3113,-78.6129
Smithfield,380,35.5131,-78.3497
Claremore,381,36.3143,-95.6099
Appleton,382,44.2779,-88.3891
Altoona,383,40.5082,-78.4007
Amherst,384,42.3645,-72.5069
Pearl,385,32.273,-90.0918
Eureka,386,40.7942,-124.1568
Troy,387,42.7354,-73.6751
San Juan,388,18.4037,-66.0636
San Marcos,389,29.8736,-97.9381
Cumberland,390,39.6515,-78.7585
Schertz,391,29.5649,-98.2537
Yukon,392,35.5201,-97.7639
Portage,393,41.5866,-87.1792
Willimantic,394,41.7153,-72.2173
Lake Havasu City,395,34.5006,-114.3113
Rochester,396,44.0151,-92.4778
Wheeling,397,40.0752,-80.6951
Sebastian,398,27.7882,-80.4813
Madera,399,36.9631,-120.0782
Morehead City,400,34.7308,-76.7387
Longview,401,32.5193,-94.7621
Kankakee,402,41.1019,-87.8643
Williamsport,403,41.2398,-77.0371
Columbus,404,41.4368,-97.3563
Fort Dodge,405,42.5098,-94.1751
Monroe,406,33.799,-83.716
Michigan City,407,41.7099,-86.8705
Leland,408,34.2044,-78.0277
Jacksonville,409,34.7288,-77.3941
Coweta,410,35.968,-95.6543
Phenix City,411,32.4588,-85.0251
Concord,412,43.2305,-71.5595
Cleveland,413,35.1817,-84.8707
Sylacauga,414,33.1778,-86.2606
Canyon,415,34.9877,-101.9178
Peru,416,41.3484,-89.137
Sierra Vista,417,31.563,-110.3153
Pittsfield,418,42.4517,-73.2605
Spotsylvania Courthouse,419,38.1982,-77.5885
Danville,420,40.1423,-87.6114
Shelbyville,421,35.4987,-86.4516
Billings,422,45.7891,-108.5524
Milton,423,41.009,-76.8507
Sebring,424,27.477,-81.453
Paris,425,33.6688,-95.546
Lewiston,426,44.0915,-70.1681
Waldorf,427,38.6085,-76.9195
Sevierville,428,35.8873,-83.5677
East Liverpool,429,40.6333,-80.5677
New Braunfels,430,29.6994,-98.1148
Emporia,431,38.4028,-96.1924
El Centro,432,32.7867,-115.5586
Morganton,433,35.7408,-81.7003
Homosassa Springs,434,28.8118,-82.5392
Roanoke Rapids,435,36.4452,-77.6491
State College,436,40.7909,-77.8568
Odessa,437,31.8831,-102.3406
Coeur d'Alene,438,47.7041,-116.7935
Ashtabula,439,41.8806,-80.7984
West Memphis,440,35.1531,-90.1995
Dallas,441,33.9153,-84.8416
Athens,442,34.7847,-86.951
St. Cloud,443,45.5339,-94.1718
Aquia Harbour,444,38.4597,-77.3806
Madisonville,445,37.3408,-87.5034
Victoria,446,28.8285,-96.985
Enid,447,36.4061,-97.8701
Lafayette,448,30.2084,-92.0323
Waterville,449,44.5441,-69.6624
Dover,450,43.1887,-70.8845
Waverly,451,42.7401,-84.6353
Big Stone Gap,452,36.8626,-82.7769
Plainfield,453,39.6953,-86.3717
La Crosse,454,43.824,-91.2268
Indiana,455,40.622,-79.1552
Hot Springs,456,34.4892,-93.0501
Show Low,457,34.2671,-110.0384
Logan,458,41.74,-111.8419
Rapid City,459,44.0716,-103.2204
Dubuque,460,42.5008,-90.7067
Sioux City,461,42.4959,-96.3901
Bainbridge,462,30.9046,-84.5727
Burlington,463,44.4877,-73.2314
Texarkana,464,33.4361,-93.996
Holland,465,42.7677,-86.0985
Hattiesburg,466,31.3074,-89.317
Ca√±on City,467,38.443,-105.2203
Paducah,468,37.0711,-88.6436
Adrian,469,41.8994,-84.0446
Texarkana,470,33.4487,-94.0815
Morgantown,471,39.638,-79.9468
Price,472,39.604,-110.8004
Yuba City,473,39.1357,-121.6381
Kirksville,474,40.1986,-92.5753
Sapulpa,475,36.0089,-96.1006
Martins Ferry,476,40.1014,-80.7253
Orangeburg,477,33.4928,-80.867
Kittanning,478,40.8279,-79.5233
Bellingham,479,48.7543,-122.4687
Portsmouth,480,38.7539,-82.9446
Newnan,481,33.3766,-84.7761
Winder,482,33.9917,-83.7218
Longview,483,46.1461,-122.9629
Zanesville,484,39.9565,-82.0132
Andalusia,485,31.3101,-86.4781
Grand Junction,486,39.0876,-108.5673
Springfield,487,36.4943,-86.8709
Bend,488,44.0562,-121.3087
Oswego,489,43.4516,-76.5005
Mechanicsville,490,37.6262,-77.3561
Elkton,491,39.6067,-75.8208
Lufkin,492,31.3217,-94.7277
Muskogee,493,35.7431,-95.3568
Flagstaff,494,35.1872,-111.6195
New Bern,495,35.0955,-77.0723
Pocatello,496,42.8724,-112.4646
Dalton,497,34.769,-84.9712
Missoula,498,46.875,-114.0214
Wausau,499,44.962,-89.6459
Pinehurst,500,35.1922,-79.4684
